seed, starter_x, starter_z, eyes, portal_x, portal_y, portal_z
Seed: 4526357281722478207, Starter X: -524, Starter Z: -2508, Eyes: 2, X: -565, Y: 62, Z: -2505
Seed: 4526357281722478207, Starter X: 2324, Starter Z: 644, Eyes: 2, X: 2338, Y: 70, Z: 697
Seed: 4526357281722478207, Starter X: -1724, Starter Z: 1860, Eyes: 2, X: -1734, Y: 64, Z: 1833
Seed: 4526357281722478207, Starter X: 2196, Starter Z: 5252, Eyes: 2, X: 2187, Y: 64, Z: 5275
Seed: 4526357281722478207, Starter X: -3308, Starter Z: 4420, Eyes: 2, X: -3284, Y: 56, Z: 4417
Seed: 4526357281722478207, Starter X: -4924, Starter Z: -684, Eyes: 2, X: -4946, Y: 58, Z: -693
Seed: 4526357281722478207, Starter X: -1820, Starter Z: -4652, Eyes: 2, X: -1856, Y: 68, Z: -4628
Seed: 4526357281722478207, Starter X: 3172, Starter Z: -4108, Eyes: 2, X: 3173, Y: 60, Z: -4169
Seed: 4526357281722478207, Starter X: 5060, Starter Z: 692, Eyes: 2, X: 5071, Y: 64, Z: 653
Seed: 4526357281722478207, Starter X: 1844, Starter Z: 7380, Eyes: 2, X: 1871, Y: 58, Z: 7359
Seed: 4526357281722478207, Starter X: -3196, Starter Z: 7924, Eyes: 2, X: -3195, Y: 68, Z: 7907
Seed: 4526357281722478207, Starter X: -6940, Starter Z: 4260, Eyes: 2, X: -6990, Y: 60, Z: 4261
Seed: 4526357281722478207, Starter X: -8476, Starter Z: -556, Eyes: 2, X: -8521, Y: 60, Z: -525
Seed: 4526357281722478207, Starter X: -6524, Starter Z: -5644, Eyes: 2, X: -6552, Y: 54, Z: -5606
Seed: 4526357281722478207, Starter X: -1980, Starter Z: -8348, Eyes: 2, X: -1935, Y: 64, Z: -8365
Seed: 4526357281722478207, Starter X: 3028, Starter Z: -7116, Eyes: 2, X: 2986, Y: 60, Z: -7117
Seed: 4526357281722478207, Starter X: 6788, Starter Z: -4140, Eyes: 2, X: 6758, Y: 64, Z: -4171
Seed: 4526357281722478207, Starter X: 8564, Starter Z: 692, Eyes: 2, X: 8593, Y: 68, Z: 689
Seed: 4526357281722478207, Starter X: 6452, Starter Z: 5396, Eyes: 2, X: 6454, Y: 60, Z: 5364
Seed: 4526357281722478207, Starter X: 10900, Starter Z: -3004, Eyes: 2, X: 10891, Y: 62, Z: -3023
Seed: 4526357281722478207, Starter X: 10852, Starter Z: 1572, Eyes: 2, X: 10880, Y: 68, Z: 1586
Seed: 4526357281722478207, Starter X: 9316, Starter Z: 5972, Eyes: 2, X: 9346, Y: 68, Z: 5989
Seed: 4526357281722478207, Starter X: 6148, Starter Z: 9124, Eyes: 2, X: 6174, Y: 64, Z: 9096
Seed: 4526357281722478207, Starter X: 1716, Starter Z: 10884, Eyes: 2, X: 1738, Y: 64, Z: 10905
Seed: 4526357281722478207, Starter X: -2732, Starter Z: 11028, Eyes: 2, X: -2741, Y: 66, Z: 10972
Seed: 4526357281722478207, Starter X: -7388, Starter Z: 9204, Eyes: 2, X: -7361, Y: 66, Z: 9244
Seed: 4526357281722478207, Starter X: -10220, Starter Z: 5316, Eyes: 2, X: -10232, Y: 68, Z: 5341
Seed: 4526357281722478207, Starter X: -10716, Starter Z: 548, Eyes: 2, X: -10706, Y: 64, Z: 603
Seed: 4526357281722478207, Starter X: -10492, Starter Z: -4028, Eyes: 2, X: -10469, Y: 52, Z: -4037
Seed: 4526357281722478207, Starter X: -7692, Starter Z: -7564, Eyes: 2, X: -7669, Y: 68, Z: -7543
Seed: 4526357281722478207, Starter X: -4284, Starter Z: -10780, Eyes: 2, X: -4281, Y: 54, Z: -10791
Seed: 4526357281722478207, Starter X: 484, Starter Z: -11100, Eyes: 2, X: 505, Y: 66, Z: -11149
Seed: 4526357281722478207, Starter X: 5204, Starter Z: -10540, Eyes: 2, X: 5221, Y: 64, Z: -10477
Seed: 4526357281722478207, Starter X: 9044, Starter Z: -7244, Eyes: 2, X: 9061, Y: 66, Z: -7254
Seed: 4526357281722478207, Starter X: 5540, Starter Z: 12836, Eyes: 2, X: 5549, Y: 66, Z: 12891
Seed: 4526357281722478207, Starter X: 1636, Starter Z: 14148, Eyes: 2, X: 1598, Y: 60, Z: 14163
Seed: 4526357281722478207, Starter X: -2812, Starter Z: 14324, Eyes: 2, X: -2782, Y: 64, Z: 14298
Seed: 4526357281722478207, Starter X: -6684, Starter Z: 12596, Eyes: 2, X: -6695, Y: 62, Z: 12633
Seed: 4526357281722478207, Starter X: -10060, Starter Z: 10036, Eyes: 2, X: -10006, Y: 70, Z: 10042
Seed: 4526357281722478207, Starter X: -12604, Starter Z: 6676, Eyes: 2, X: -12588, Y: 70, Z: 6716
Seed: 4526357281722478207, Starter X: -14076, Starter Z: 2548, Eyes: 2, X: -14113, Y: 70, Z: 2542
Seed: 4526357281722478207, Starter X: -14124, Starter Z: -1644, Eyes: 2, X: -14116, Y: 68, Z: -1635
Seed: 4526357281722478207, Starter X: -13388, Starter Z: -5948, Eyes: 2, X: -13428, Y: 68, Z: -5967
Seed: 4526357281722478207, Starter X: -10940, Starter Z: -9372, Eyes: 2, X: -10906, Y: 66, Z: -9384
Seed: 4526357281722478207, Starter X: -7996, Starter Z: -12684, Eyes: 2, X: -8013, Y: 66, Z: -12644
Seed: 4526357281722478207, Starter X: -3580, Starter Z: -13564, Eyes: 2, X: -3536, Y: 58, Z: -13553
Seed: 4526357281722478207, Starter X: 596, Starter Z: -14316, Eyes: 2, X: 555, Y: 72, Z: -14366
Seed: 4526357281722478207, Starter X: 4724, Starter Z: -13356, Eyes: 2, X: 4744, Y: 66, Z: -13312
Seed: 4526357281722478207, Starter X: 8308, Starter Z: -11212, Eyes: 2, X: 8287, Y: 66, Z: -11190
Seed: 4526357281722478207, Starter X: 11444, Starter Z: -8428, Eyes: 2, X: 11497, Y: 66, Z: -8421
Seed: 4526357281722478207, Starter X: 13988, Starter Z: -4796, Eyes: 2, X: 14001, Y: 60, Z: -4781
Seed: 4526357281722478207, Starter X: 14580, Starter Z: -524, Eyes: 2, X: 14573, Y: 66, Z: -592
Seed: 4526357281722478207, Starter X: 13988, Starter Z: 3716, Eyes: 2, X: 13953, Y: 54, Z: 3683
Seed: 4526357281722478207, Starter X: 11716, Starter Z: 7396, Eyes: 2, X: 11729, Y: 66, Z: 7433
Seed: 4526357281722478207, Starter X: 9140, Starter Z: 10596, Eyes: 2, X: 9119, Y: 68, Z: 10626
Seed: 4526357281722478207, Starter X: -14092, Starter Z: 11124, Eyes: 2, X: -14060, Y: 62, Z: 11135
Seed: 4526357281722478207, Starter X: -15372, Starter Z: 7348, Eyes: 2, X: -15355, Y: 62, Z: 7384
Seed: 4526357281722478207, Starter X: -16988, Starter Z: 3812, Eyes: 2, X: -17037, Y: 60, Z: 3828
Seed: 4526357281722478207, Starter X: -17468, Starter Z: 4, Eyes: 2, X: -17490, Y: 54, Z: -29
Seed: 4526357281722478207, Starter X: -16540, Starter Z: -3788, Eyes: 2, X: -16593, Y: 62, Z: -3771
Seed: 4526357281722478207, Starter X: -15420, Starter Z: -7404, Eyes: 2, X: -15451, Y: 64, Z: -7423
Seed: 4526357281722478207, Starter X: -13980, Starter Z: -11068, Eyes: 2, X: -13970, Y: 66, Z: -11111
Seed: 4526357281722478207, Starter X: -10460, Starter Z: -13244, Eyes: 2, X: -10421, Y: 64, Z: -13222
Seed: 4526357281722478207, Starter X: -7420, Starter Z: -15196, Eyes: 2, X: -7448, Y: 56, Z: -15204
Seed: 4526357281722478207, Starter X: -3884, Starter Z: -17116, Eyes: 2, X: -3915, Y: 68, Z: -17139
Seed: 4526357281722478207, Starter X: 36, Starter Z: -17004, Eyes: 2, X: 10, Y: 62, Z: -16982
Seed: 4526357281722478207, Starter X: 4020, Starter Z: -17340, Eyes: 2, X: 3973, Y: 70, Z: -17344
Seed: 4526357281722478207, Starter X: 7444, Starter Z: -15116, Eyes: 2, X: 7478, Y: 68, Z: -15041
Seed: 4526357281722478207, Starter X: 11364, Starter Z: -14156, Eyes: 2, X: 11340, Y: 68, Z: -14183
Seed: 4526357281722478207, Starter X: 13524, Starter Z: -10588, Eyes: 2, X: 13539, Y: 60, Z: -10629
Seed: 4526357281722478207, Starter X: 15444, Starter Z: -7420, Eyes: 2, X: 15423, Y: 66, Z: -7406
Seed: 4526357281722478207, Starter X: 16324, Starter Z: -3788, Eyes: 2, X: 16311, Y: 52, Z: -3762
Seed: 4526357281722478207, Starter X: 16948, Starter Z: 20, Eyes: 2, X: 16949, Y: 60, Z: -35
Seed: 4526357281722478207, Starter X: 17060, Starter Z: 3828, Eyes: 2, X: 17040, Y: 68, Z: 3861
Seed: 4526357281722478207, Starter X: 15268, Starter Z: 7364, Eyes: 2, X: 15235, Y: 58, Z: 7374
Seed: 4526357281722478207, Starter X: 14036, Starter Z: 11124, Eyes: 2, X: 14032, Y: 60, Z: 11110
Seed: 4526357281722478207, Starter X: 10932, Starter Z: 13828, Eyes: 2, X: 10976, Y: 66, Z: 13816
Seed: 4526357281722478207, Starter X: 7668, Starter Z: 16052, Eyes: 2, X: 7687, Y: 70, Z: 16006
Seed: 4526357281722478207, Starter X: 3892, Starter Z: 16644, Eyes: 2, X: 3874, Y: 68, Z: 16690
Seed: 4526357281722478207, Starter X: -28, Starter Z: 17332, Eyes: 2, X: -56, Y: 62, Z: 17308
Seed: 4526357281722478207, Starter X: -3820, Starter Z: 16980, Eyes: 2, X: -3794, Y: 70, Z: 16949
Seed: 4526357281722478207, Starter X: -7452, Starter Z: 15620, Eyes: 2, X: -7447, Y: 68, Z: 15676
Seed: 4526357281722478207, Starter X: -10780, Starter Z: 13524, Eyes: 2, X: -10772, Y: 66, Z: 13544
Seed: 4526357281722478207, Starter X: -16012, Starter Z: -12348, Eyes: 2, X: -16006, Y: 66, Z: -12303
Seed: 4526357281722478207, Starter X: -13628, Starter Z: -14556, Eyes: 2, X: -13665, Y: 60, Z: -14575
Seed: 4526357281722478207, Starter X: -11180, Starter Z: -17516, Eyes: 2, X: -11183, Y: 66, Z: -17488
Seed: 4526357281722478207, Starter X: -7772, Starter Z: -18588, Eyes: 2, X: -7811, Y: 46, Z: -18599
Seed: 4526357281722478207, Starter X: -4460, Starter Z: -19468, Eyes: 2, X: -4454, Y: 56, Z: -19425
Seed: 4526357281722478207, Starter X: -988, Starter Z: -20124, Eyes: 2, X: -971, Y: 70, Z: -20087
Seed: 4526357281722478207, Starter X: 2628, Starter Z: -20556, Eyes: 2, X: 2678, Y: 60, Z: -20563
Seed: 4526357281722478207, Starter X: 6084, Starter Z: -19180, Eyes: 2, X: 6101, Y: 64, Z: -19201
Seed: 4526357281722478207, Starter X: 9572, Starter Z: -18588, Eyes: 2, X: 9607, Y: 70, Z: -18575
Seed: 4526357281722478207, Starter X: 12116, Starter Z: -15868, Eyes: 2, X: 12109, Y: 68, Z: -15836
Seed: 4526357281722478207, Starter X: 14692, Starter Z: -13596, Eyes: 2, X: 14658, Y: 56, Z: -13612
Seed: 4526357281722478207, Starter X: 17140, Starter Z: -11036, Eyes: 2, X: 17134, Y: 62, Z: -11021
Seed: 4526357281722478207, Starter X: 18676, Starter Z: -7772, Eyes: 2, X: 18650, Y: 72, Z: -7758
Seed: 4526357281722478207, Starter X: 20036, Starter Z: -4636, Eyes: 2, X: 20067, Y: 54, Z: -4607
Seed: 4526357281722478207, Starter X: 20868, Starter Z: -972, Eyes: 2, X: 20841, Y: 64, Z: -965
Seed: 4526357281722478207, Starter X: 20212, Starter Z: 2484, Eyes: 2, X: 20252, Y: 54, Z: 2449
Seed: 4526357281722478207, Starter X: 20180, Starter Z: 6292, Eyes: 2, X: 20159, Y: 66, Z: 6272
Seed: 4526357281722478207, Starter X: 18180, Starter Z: 9268, Eyes: 2, X: 18200, Y: 58, Z: 9276
Seed: 4526357281722478207, Starter X: 15812, Starter Z: 12116, Eyes: 2, X: 15849, Y: 68, Z: 12096
Seed: 4526357281722478207, Starter X: 14116, Starter Z: 15252, Eyes: 2, X: 14094, Y: 66, Z: 15208
Seed: 4526357281722478207, Starter X: 11300, Starter Z: 17284, Eyes: 2, X: 11280, Y: 60, Z: 17291
Seed: 4526357281722478207, Starter X: 7844, Starter Z: 18628, Eyes: 2, X: 7873, Y: 70, Z: 18654
Seed: 4526357281722478207, Starter X: 4580, Starter Z: 20340, Eyes: 2, X: 4566, Y: 68, Z: 20313
Seed: 4526357281722478207, Starter X: 1028, Starter Z: 20884, Eyes: 2, X: 1011, Y: 56, Z: 20939
Seed: 4526357281722478207, Starter X: -2476, Starter Z: 20324, Eyes: 2, X: -2450, Y: 64, Z: 20281
Seed: 4526357281722478207, Starter X: -6092, Starter Z: 19444, Eyes: 2, X: -6042, Y: 62, Z: 19411
Seed: 4526357281722478207, Starter X: -9212, Starter Z: 17860, Eyes: 2, X: -9165, Y: 66, Z: 17850
Seed: 4526357281722478207, Starter X: -12092, Starter Z: 15828, Eyes: 2, X: -12065, Y: 62, Z: 15856
Seed: 4526357281722478207, Starter X: -15500, Starter Z: 14244, Eyes: 2, X: -15509, Y: 64, Z: 14222
Seed: 4526357281722478207, Starter X: -17548, Starter Z: 11172, Eyes: 2, X: -17520, Y: 64, Z: 11197
Seed: 4526357281722478207, Starter X: -19244, Starter Z: 8148, Eyes: 2, X: -19277, Y: 60, Z: 8129
Seed: 4526357281722478207, Starter X: -19260, Starter Z: 4324, Eyes: 2, X: -19265, Y: 70, Z: 4367
Seed: 4526357281722478207, Starter X: -20092, Starter Z: 1044, Eyes: 2, X: -20107, Y: 66, Z: 1029
Seed: 4526357281722478207, Starter X: -20220, Starter Z: -2556, Eyes: 2, X: -20190, Y: 62, Z: -2598
Seed: 4526357281722478207, Starter X: -19420, Starter Z: -5884, Eyes: 2, X: -19437, Y: 56, Z: -5867
Seed: 4526357281722478207, Starter X: -17996, Starter Z: -9276, Eyes: 2, X: -18014, Y: 66, Z: -9314
Seed: 4526357281722478207, Starter X: 5524, Starter Z: -22332, Eyes: 2, X: 5521, Y: 70, Z: -22369
Seed: 4526357281722478207, Starter X: 18212, Starter Z: -15452, Eyes: 2, X: 18162, Y: 66, Z: -15460
Seed: 4526357281722478207, Starter X: 23652, Starter Z: -1676, Eyes: 2, X: 23653, Y: 62, Z: -1642
Seed: 4526357281722478207, Starter X: 19988, Starter Z: 12404, Eyes: 2, X: 20005, Y: 72, Z: 12407
Seed: 4526357281722478207, Starter X: 9140, Starter Z: 21956, Eyes: 2, X: 9115, Y: 68, Z: 21970
Seed: 4526357281722478207, Starter X: -5564, Starter Z: 22756, Eyes: 2, X: -5588, Y: 60, Z: 22720
Seed: 4526357281722478207, Starter X: -18028, Starter Z: 15412, Eyes: 2, X: -18065, Y: 66, Z: 15393
Seed: 4526357281722478207, Starter X: -23980, Starter Z: 1812, Eyes: 2, X: -24025, Y: 70, Z: 1801
Seed: 4526357281722478207, Starter X: -20092, Starter Z: -12348, Eyes: 2, X: -20034, Y: 54, Z: -12355
seed, starter_x, starter_z, eyes, portal_x, portal_y, portal_z
Seed: 3586727322240255576, Starter X: 404, Starter Z: -1948, Eyes: 1, X: 415, Y: 54, Z: -1953
Seed: 3586727322240255576, Starter X: 1636, Starter Z: 1540, Eyes: 1, X: 1662, Y: 68, Z: 1513
Seed: 3586727322240255576, Starter X: -2396, Starter Z: 980, Eyes: 1, X: -2426, Y: 66, Z: 1003
Seed: 3586727322240255576, Starter X: -1692, Starter Z: 4900, Eyes: 1, X: -1676, Y: 60, Z: 4869
Seed: 3586727322240255576, Starter X: -4460, Starter Z: 692, Eyes: 1, X: -4477, Y: 68, Z: 665
Seed: 3586727322240255576, Starter X: -3132, Starter Z: -3708, Eyes: 1, X: -3112, Y: 64, Z: -3714
Seed: 3586727322240255576, Starter X: 1844, Starter Z: -5340, Eyes: 1, X: 1909, Y: 70, Z: -5323
Seed: 3586727322240255576, Starter X: 4452, Starter Z: -684, Eyes: 1, X: 4445, Y: 64, Z: -725
Seed: 3586727322240255576, Starter X: 3012, Starter Z: 3604, Eyes: 1, X: 2993, Y: 54, Z: 3556
Seed: 3586727322240255576, Starter X: -6044, Starter Z: 5988, Eyes: 1, X: -6079, Y: 56, Z: 5970
Seed: 3586727322240255576, Starter X: -7756, Starter Z: 1076, Eyes: 1, X: -7767, Y: 68, Z: 1074
Seed: 3586727322240255576, Starter X: -7676, Starter Z: -4092, Eyes: 1, X: -7672, Y: 62, Z: -4029
Seed: 3586727322240255576, Starter X: -3388, Starter Z: -7132, Eyes: 1, X: -3361, Y: 66, Z: -7105
Seed: 3586727322240255576, Starter X: 1412, Starter Z: -8604, Eyes: 1, X: 1436, Y: 64, Z: -8572
Seed: 3586727322240255576, Starter X: 6468, Starter Z: -5996, Eyes: 1, X: 6515, Y: 70, Z: -5979
Seed: 3586727322240255576, Starter X: 7796, Starter Z: -1196, Eyes: 1, X: 7755, Y: 62, Z: -1172
Seed: 3586727322240255576, Starter X: 7012, Starter Z: 3700, Eyes: 1, X: 7046, Y: 60, Z: 3690
Seed: 3586727322240255576, Starter X: 3348, Starter Z: 7012, Eyes: 1, X: 3323, Y: 64, Z: 6982
Seed: 3586727322240255576, Starter X: -1484, Starter Z: 8084, Eyes: 1, X: -1489, Y: 60, Z: 8126
Seed: 3586727322240255576, Starter X: 10420, Starter Z: 3892, Eyes: 1, X: 10444, Y: 60, Z: 3906
Seed: 3586727322240255576, Starter X: 8004, Starter Z: 7764, Eyes: 1, X: 7987, Y: 70, Z: 7746
Seed: 3586727322240255576, Starter X: 4116, Starter Z: 10436, Eyes: 1, X: 4136, Y: 64, Z: 10394
Seed: 3586727322240255576, Starter X: -444, Starter Z: 11124, Eyes: 1, X: -474, Y: 60, Z: 11115
Seed: 3586727322240255576, Starter X: -4892, Starter Z: 10004, Eyes: 1, X: -4842, Y: 68, Z: 10004
Seed: 3586727322240255576, Starter X: -8332, Starter Z: 6916, Eyes: 1, X: -8300, Y: 70, Z: 6912
Seed: 3586727322240255576, Starter X: -10556, Starter Z: 2884, Eyes: 1, X: -10596, Y: 72, Z: 2850
Seed: 3586727322240255576, Starter X: -11068, Starter Z: -1628, Eyes: 1, X: -11031, Y: 66, Z: -1594
Seed: 3586727322240255576, Starter X: -9740, Starter Z: -6028, Eyes: 1, X: -9787, Y: 68, Z: -6035
Seed: 3586727322240255576, Starter X: -6396, Starter Z: -9852, Eyes: 1, X: -6420, Y: 60, Z: -9868
Seed: 3586727322240255576, Starter X: -1836, Starter Z: -10988, Eyes: 1, X: -1879, Y: 60, Z: -11015
Seed: 3586727322240255576, Starter X: 2692, Starter Z: -10412, Eyes: 1, X: 2674, Y: 62, Z: -10412
Seed: 3586727322240255576, Starter X: 7076, Starter Z: -8972, Eyes: 1, X: 7040, Y: 60, Z: -8987
Seed: 3586727322240255576, Starter X: 10324, Starter Z: -5420, Eyes: 1, X: 10342, Y: 64, Z: -5462
Seed: 3586727322240255576, Starter X: 11012, Starter Z: -684, Eyes: 1, X: 11059, Y: 54, Z: -671
Seed: 3586727322240255576, Starter X: 13236, Starter Z: 5876, Eyes: 1, X: 13210, Y: 64, Z: 5882
Seed: 3586727322240255576, Starter X: 11236, Starter Z: 9732, Eyes: 1, X: 11255, Y: 60, Z: 9674
Seed: 3586727322240255576, Starter X: 7508, Starter Z: 12100, Eyes: 1, X: 7538, Y: 68, Z: 12100
Seed: 3586727322240255576, Starter X: 3780, Starter Z: 14068, Eyes: 1, X: 3742, Y: 64, Z: 14083
Seed: 3586727322240255576, Starter X: -652, Starter Z: 13924, Eyes: 1, X: -673, Y: 70, Z: 13956
Seed: 3586727322240255576, Starter X: -4588, Starter Z: 12932, Eyes: 1, X: -4619, Y: 54, Z: 12929
Seed: 3586727322240255576, Starter X: -8684, Starter Z: 11796, Eyes: 1, X: -8655, Y: 62, Z: 11810
Seed: 3586727322240255576, Starter X: -11708, Starter Z: 8532, Eyes: 1, X: -11739, Y: 66, Z: 8558
Seed: 3586727322240255576, Starter X: -13740, Starter Z: 4884, Eyes: 1, X: -13749, Y: 58, Z: 4908
Seed: 3586727322240255576, Starter X: -14284, Starter Z: 452, Eyes: 1, X: -14221, Y: 60, Z: 466
Seed: 3586727322240255576, Starter X: -13196, Starter Z: -3580, Eyes: 1, X: -13221, Y: 70, Z: -3611
Seed: 3586727322240255576, Starter X: -12044, Starter Z: -7452, Eyes: 1, X: -12055, Y: 64, Z: -7457
Seed: 3586727322240255576, Starter X: -9372, Starter Z: -11004, Eyes: 1, X: -9394, Y: 60, Z: -10986
Seed: 3586727322240255576, Starter X: -5932, Starter Z: -13644, Eyes: 1, X: -5886, Y: 64, Z: -13644
Seed: 3586727322240255576, Starter X: -1628, Starter Z: -14748, Eyes: 1, X: -1651, Y: 66, Z: -14724
Seed: 3586727322240255576, Starter X: 2804, Starter Z: -14508, Eyes: 1, X: 2835, Y: 64, Z: -14532
Seed: 3586727322240255576, Starter X: 6724, Starter Z: -12300, Eyes: 1, X: 6775, Y: 66, Z: -12285
Seed: 3586727322240255576, Starter X: 10132, Starter Z: -10124, Eyes: 1, X: 10182, Y: 52, Z: -10069
Seed: 3586727322240255576, Starter X: 13044, Starter Z: -6892, Eyes: 1, X: 13087, Y: 68, Z: -6909
Seed: 3586727322240255576, Starter X: 13812, Starter Z: -2540, Eyes: 1, X: 13786, Y: 68, Z: -2558
Seed: 3586727322240255576, Starter X: 13892, Starter Z: 1588, Eyes: 1, X: 13942, Y: 60, Z: 1580
Seed: 3586727322240255576, Starter X: -8316, Starter Z: -14764, Eyes: 1, X: -8269, Y: 70, Z: -14733
Seed: 3586727322240255576, Starter X: -4684, Starter Z: -16268, Eyes: 1, X: -4738, Y: 54, Z: -16248
Seed: 3586727322240255576, Starter X: -1148, Starter Z: -17820, Eyes: 1, X: -1111, Y: 56, Z: -17826
Seed: 3586727322240255576, Starter X: 2980, Starter Z: -17644, Eyes: 1, X: 3009, Y: 62, Z: -17682
Seed: 3586727322240255576, Starter X: 6644, Starter Z: -16268, Eyes: 1, X: 6609, Y: 58, Z: -16250
Seed: 3586727322240255576, Starter X: 10180, Starter Z: -14732, Eyes: 1, X: 10159, Y: 68, Z: -14681
Seed: 3586727322240255576, Starter X: 13012, Starter Z: -11756, Eyes: 1, X: 13048, Y: 58, Z: -11744
Seed: 3586727322240255576, Starter X: 15140, Starter Z: -8492, Eyes: 1, X: 15182, Y: 54, Z: -8533
Seed: 3586727322240255576, Starter X: 16740, Starter Z: -5004, Eyes: 1, X: 16756, Y: 66, Z: -4961
Seed: 3586727322240255576, Starter X: 17540, Starter Z: -1020, Eyes: 1, X: 17546, Y: 54, Z: -1046
Seed: 3586727322240255576, Starter X: 17332, Starter Z: 2932, Eyes: 1, X: 17327, Y: 58, Z: 2947
Seed: 3586727322240255576, Starter X: 16052, Starter Z: 6516, Eyes: 1, X: 16081, Y: 64, Z: 6507
Seed: 3586727322240255576, Starter X: 14100, Starter Z: 9780, Eyes: 1, X: 14140, Y: 70, Z: 9764
Seed: 3586727322240255576, Starter X: 11764, Starter Z: 12980, Eyes: 1, X: 11726, Y: 64, Z: 12996
Seed: 3586727322240255576, Starter X: 8564, Starter Z: 15476, Eyes: 1, X: 8577, Y: 62, Z: 15439
Seed: 3586727322240255576, Starter X: 4788, Starter Z: 16644, Eyes: 1, X: 4812, Y: 60, Z: 16621
Seed: 3586727322240255576, Starter X: 1140, Starter Z: 16724, Eyes: 1, X: 1109, Y: 50, Z: 16760
Seed: 3586727322240255576, Starter X: -2668, Starter Z: 16804, Eyes: 1, X: -2675, Y: 68, Z: 16794
Seed: 3586727322240255576, Starter X: -6284, Starter Z: 15524, Eyes: 1, X: -6277, Y: 70, Z: 15502
Seed: 3586727322240255576, Starter X: -9740, Starter Z: 14004, Eyes: 1, X: -9721, Y: 62, Z: 14029
Seed: 3586727322240255576, Starter X: -13244, Starter Z: 11892, Eyes: 1, X: -13241, Y: 56, Z: 11829
Seed: 3586727322240255576, Starter X: -15548, Starter Z: 8580, Eyes: 1, X: -15542, Y: 66, Z: 8632
Seed: 3586727322240255576, Starter X: -16252, Starter Z: 4676, Eyes: 1, X: -16251, Y: 66, Z: 4737
Seed: 3586727322240255576, Starter X: -17500, Starter Z: 1124, Eyes: 1, X: -17531, Y: 66, Z: 1125
Seed: 3586727322240255576, Starter X: -17628, Starter Z: -2956, Eyes: 1, X: -17615, Y: 60, Z: -2982
Seed: 3586727322240255576, Starter X: -16012, Starter Z: -6428, Eyes: 1, X: -16039, Y: 64, Z: -6449
Seed: 3586727322240255576, Starter X: -14652, Starter Z: -10348, Eyes: 1, X: -14679, Y: 68, Z: -10310
Seed: 3586727322240255576, Starter X: -11820, Starter Z: -12876, Eyes: 1, X: -11830, Y: 62, Z: -12811
Seed: 3586727322240255576, Starter X: -10748, Starter Z: 17780, Eyes: 1, X: -10784, Y: 66, Z: 17756
Seed: 3586727322240255576, Starter X: -13084, Starter Z: 14900, Eyes: 1, X: -13071, Y: 68, Z: 14866
Seed: 3586727322240255576, Starter X: -16012, Starter Z: 12980, Eyes: 1, X: -16026, Y: 70, Z: 12963
Seed: 3586727322240255576, Starter X: -17516, Starter Z: 9524, Eyes: 1, X: -17495, Y: 60, Z: 9497
Seed: 3586727322240255576, Starter X: -19404, Starter Z: 6596, Eyes: 1, X: -19364, Y: 60, Z: 6591
Seed: 3586727322240255576, Starter X: -20124, Starter Z: 3108, Eyes: 1, X: -20135, Y: 58, Z: 3152
Seed: 3586727322240255576, Starter X: -19724, Starter Z: -300, Eyes: 1, X: -19724, Y: 62, Z: -266
Seed: 3586727322240255576, Starter X: -19564, Starter Z: -3756, Eyes: 1, X: -19553, Y: 68, Z: -3799
Seed: 3586727322240255576, Starter X: -19516, Starter Z: -7612, Eyes: 1, X: -19493, Y: 64, Z: -7631
Seed: 3586727322240255576, Starter X: -17372, Starter Z: -10524, Eyes: 1, X: -17345, Y: 64, Z: -10517
Seed: 3586727322240255576, Starter X: -15356, Starter Z: -13548, Eyes: 1, X: -15310, Y: 64, Z: -13537
Seed: 3586727322240255576, Starter X: -13100, Starter Z: -16300, Eyes: 1, X: -13112, Y: 66, Z: -16245
Seed: 3586727322240255576, Starter X: -9676, Starter Z: -17692, Eyes: 1, X: -9698, Y: 62, Z: -17670
Seed: 3586727322240255576, Starter X: -6524, Starter Z: -19564, Eyes: 1, X: -6523, Y: 62, Z: -19520
Seed: 3586727322240255576, Starter X: -3324, Starter Z: -20812, Eyes: 1, X: -3314, Y: 62, Z: -20764
Seed: 3586727322240255576, Starter X: 484, Starter Z: -20300, Eyes: 1, X: 456, Y: 70, Z: -20274
Seed: 3586727322240255576, Starter X: 3940, Starter Z: -19772, Eyes: 1, X: 3948, Y: 62, Z: -19747
Seed: 3586727322240255576, Starter X: 7188, Starter Z: -18508, Eyes: 1, X: 7191, Y: 60, Z: -18552
Seed: 3586727322240255576, Starter X: 10484, Starter Z: -17132, Eyes: 1, X: 10504, Y: 54, Z: -17171
Seed: 3586727322240255576, Starter X: 13620, Starter Z: -15516, Eyes: 1, X: 13634, Y: 66, Z: -15482
Seed: 3586727322240255576, Starter X: 16340, Starter Z: -13084, Eyes: 1, X: 16295, Y: 66, Z: -13095
Seed: 3586727322240255576, Starter X: 18516, Starter Z: -10124, Eyes: 1, X: 18540, Y: 60, Z: -10091
Seed: 3586727322240255576, Starter X: 18964, Starter Z: -6492, Eyes: 1, X: 18953, Y: 66, Z: -6529
Seed: 3586727322240255576, Starter X: 20212, Starter Z: -3004, Eyes: 1, X: 20219, Y: 68, Z: -2977
Seed: 3586727322240255576, Starter X: 20900, Starter Z: 500, Eyes: 1, X: 20946, Y: 54, Z: 514
Seed: 3586727322240255576, Starter X: 20084, Starter Z: 3972, Eyes: 1, X: 20105, Y: 68, Z: 3977
Seed: 3586727322240255576, Starter X: 19060, Starter Z: 7476, Eyes: 1, X: 19051, Y: 68, Z: 7489
Seed: 3586727322240255576, Starter X: 17076, Starter Z: 10404, Eyes: 1, X: 17062, Y: 54, Z: 10411
Seed: 3586727322240255576, Starter X: 15076, Starter Z: 13220, Eyes: 1, X: 15102, Y: 68, Z: 13235
Seed: 3586727322240255576, Starter X: 13188, Starter Z: 16420, Eyes: 1, X: 13208, Y: 62, Z: 16442
Seed: 3586727322240255576, Starter X: 9956, Starter Z: 18228, Eyes: 1, X: 9981, Y: 54, Z: 18264
Seed: 3586727322240255576, Starter X: 6740, Starter Z: 19924, Eyes: 1, X: 6757, Y: 54, Z: 19911
Seed: 3586727322240255576, Starter X: 2964, Starter Z: 19540, Eyes: 1, X: 3009, Y: 70, Z: 19564
Seed: 3586727322240255576, Starter X: -444, Starter Z: 20532, Eyes: 1, X: -467, Y: 62, Z: 20514
Seed: 3586727322240255576, Starter X: -4012, Starter Z: 19956, Eyes: 1, X: -3999, Y: 68, Z: 19981
Seed: 3586727322240255576, Starter X: -7340, Starter Z: 19044, Eyes: 1, X: -7374, Y: 54, Z: 19065
Seed: 3586727322240255576, Starter X: -11324, Starter Z: 20932, Eyes: 1, X: -11358, Y: 66, Z: 20897
Seed: 3586727322240255576, Starter X: -21276, Starter Z: 10260, Eyes: 1, X: -21256, Y: 60, Z: 10255
Seed: 3586727322240255576, Starter X: -22508, Starter Z: -4076, Eyes: 1, X: -22480, Y: 60, Z: -4101
Seed: 3586727322240255576, Starter X: -16524, Starter Z: -17292, Eyes: 1, X: -16493, Y: 62, Z: -17278
Seed: 3586727322240255576, Starter X: -3116, Starter Z: -23548, Eyes: 1, X: -3127, Y: 66, Z: -23606
Seed: 3586727322240255576, Starter X: 10852, Starter Z: -20316, Eyes: 1, X: 10811, Y: 62, Z: -20300
Seed: 3586727322240255576, Starter X: 21252, Starter Z: -10348, Eyes: 1, X: 21241, Y: 64, Z: -10301
Seed: 3586727322240255576, Starter X: 22596, Starter Z: 4100, Eyes: 1, X: 22621, Y: 62, Z: 4074
Seed: 3586727322240255576, Starter X: 16612, Starter Z: 17412, Eyes: 1, X: 16633, Y: 58, Z: 17377
seed, starter_x, starter_z, eyes, portal_x, portal_y, portal_z
Seed: -4960926763029483123, Starter X: -956, Starter Z: -2412, Eyes: 2, X: -929, Y: 68, Z: -2396
Seed: -4960926763029483123, Starter X: 1540, Starter Z: 276, Eyes: 2, X: 1554, Y: 68, Z: 310
Seed: -4960926763029483123, Starter X: -1324, Starter Z: 1796, Eyes: 2, X: -1278, Y: 70, Z: 1813
Seed: -4960926763029483123, Starter X: 5620, Starter Z: -572, Eyes: 2, X: 5640, Y: 64, Z: -541
Seed: -4960926763029483123, Starter X: 3220, Starter Z: 4708, Eyes: 2, X: 3233, Y: 54, Z: 4686
Seed: -4960926763029483123, Starter X: -2284, Starter Z: 4980, Eyes: 2, X: -2309, Y: 60, Z: 4938
Seed: -4960926763029483123, Starter X: -4636, Starter Z: 356, Eyes: 2, X: -4629, Y: 62, Z: 391
Seed: -4960926763029483123, Starter X: -2988, Starter Z: -4108, Eyes: 2, X: -2963, Y: 60, Z: -4135
Seed: -4960926763029483123, Starter X: 2084, Starter Z: -4236, Eyes: 2, X: 2055, Y: 54, Z: -4272
Seed: -4960926763029483123, Starter X: 8404, Starter Z: -2284, Eyes: 2, X: 8377, Y: 66, Z: -2309
Seed: -4960926763029483123, Starter X: 7812, Starter Z: 2868, Eyes: 2, X: 7791, Y: 56, Z: 2883
Seed: -4960926763029483123, Starter X: 4692, Starter Z: 7028, Eyes: 2, X: 4677, Y: 62, Z: 7023
Seed: -4960926763029483123, Starter X: -476, Starter Z: 8804, Eyes: 2, X: -475, Y: 54, Z: 8800
Seed: -4960926763029483123, Starter X: -4924, Starter Z: 6388, Eyes: 2, X: -4904, Y: 62, Z: 6407
Seed: -4960926763029483123, Starter X: -8012, Starter Z: 2292, Eyes: 2, X: -8036, Y: 70, Z: 2263
Seed: -4960926763029483123, Starter X: -7276, Starter Z: -2652, Eyes: 2, X: -7305, Y: 70, Z: -2652
Seed: -4960926763029483123, Starter X: -4380, Starter Z: -6652, Eyes: 2, X: -4384, Y: 66, Z: -6697
Seed: -4960926763029483123, Starter X: 292, Starter Z: -8044, Eyes: 2, X: 321, Y: 70, Z: -8070
Seed: -4960926763029483123, Starter X: 4948, Starter Z: -6172, Eyes: 2, X: 4915, Y: 48, Z: -6167
Seed: -4960926763029483123, Starter X: -7164, Starter Z: 9604, Eyes: 2, X: -7129, Y: 70, Z: 9607
Seed: -4960926763029483123, Starter X: -9516, Starter Z: 5476, Eyes: 2, X: -9557, Y: 62, Z: 5476
Seed: -4960926763029483123, Starter X: -10748, Starter Z: 964, Eyes: 2, X: -10720, Y: 56, Z: 960
Seed: -4960926763029483123, Starter X: -10108, Starter Z: -3452, Eyes: 2, X: -10084, Y: 64, Z: -3400
Seed: -4960926763029483123, Starter X: -8460, Starter Z: -7804, Eyes: 2, X: -8447, Y: 66, Z: -7826
Seed: -4960926763029483123, Starter X: -4492, Starter Z: -10508, Eyes: 2, X: -4490, Y: 64, Z: -10565
Seed: -4960926763029483123, Starter X: 276, Starter Z: -11804, Eyes: 2, X: 291, Y: 66, Z: -11833
Seed: -4960926763029483123, Starter X: 4404, Starter Z: -9772, Eyes: 2, X: 4440, Y: 64, Z: -9755
Seed: -4960926763029483123, Starter X: 8500, Starter Z: -7404, Eyes: 2, X: 8530, Y: 62, Z: -7429
Seed: -4960926763029483123, Starter X: 11364, Starter Z: -3420, Eyes: 2, X: 11345, Y: 60, Z: -3402
Seed: -4960926763029483123, Starter X: 11172, Starter Z: 1252, Eyes: 2, X: 11211, Y: 56, Z: 1268
Seed: -4960926763029483123, Starter X: 9348, Starter Z: 5620, Eyes: 2, X: 9377, Y: 54, Z: 5623
Seed: -4960926763029483123, Starter X: 6532, Starter Z: 9332, Eyes: 2, X: 6551, Y: 66, Z: 9372
Seed: -4960926763029483123, Starter X: 2100, Starter Z: 10388, Eyes: 2, X: 2130, Y: 52, Z: 10355
Seed: -4960926763029483123, Starter X: -2380, Starter Z: 10772, Eyes: 2, X: -2411, Y: 60, Z: 10781
Seed: -4960926763029483123, Starter X: 932, Starter Z: -14252, Eyes: 2, X: 935, Y: 60, Z: -14263
Seed: -4960926763029483123, Starter X: 4980, Starter Z: -13516, Eyes: 2, X: 4970, Y: 68, Z: -13536
Seed: -4960926763029483123, Starter X: 8836, Starter Z: -11468, Eyes: 2, X: 8870, Y: 70, Z: -11476
Seed: -4960926763029483123, Starter X: 11860, Starter Z: -8412, Eyes: 2, X: 11905, Y: 64, Z: -8396
Seed: -4960926763029483123, Starter X: 13364, Starter Z: -4380, Eyes: 2, X: 13366, Y: 54, Z: -4385
Seed: -4960926763029483123, Starter X: 13764, Starter Z: -172, Eyes: 2, X: 13744, Y: 66, Z: -213
Seed: -4960926763029483123, Starter X: 13764, Starter Z: 4020, Eyes: 2, X: 13726, Y: 66, Z: 4050
Seed: -4960926763029483123, Starter X: 11748, Starter Z: 7668, Eyes: 2, X: 11712, Y: 68, Z: 7665
Seed: -4960926763029483123, Starter X: 8820, Starter Z: 10628, Eyes: 2, X: 8815, Y: 60, Z: 10684
Seed: -4960926763029483123, Starter X: 5620, Starter Z: 13508, Eyes: 2, X: 5647, Y: 66, Z: 13538
Seed: -4960926763029483123, Starter X: 1300, Starter Z: 13892, Eyes: 2, X: 1342, Y: 58, Z: 13905
Seed: -4960926763029483123, Starter X: -2812, Starter Z: 13732, Eyes: 2, X: -2793, Y: 66, Z: 13698
Seed: -4960926763029483123, Starter X: -6924, Starter Z: 12468, Eyes: 2, X: -6953, Y: 48, Z: 12474
Seed: -4960926763029483123, Starter X: -10828, Starter Z: 10260, Eyes: 2, X: -10824, Y: 66, Z: 10239
Seed: -4960926763029483123, Starter X: -13116, Starter Z: 6484, Eyes: 2, X: -13105, Y: 60, Z: 6501
Seed: -4960926763029483123, Starter X: -13436, Starter Z: 2180, Eyes: 2, X: -13466, Y: 54, Z: 2196
Seed: -4960926763029483123, Starter X: -14028, Starter Z: -1836, Eyes: 2, X: -13991, Y: 64, Z: -1819
Seed: -4960926763029483123, Starter X: -13244, Starter Z: -6028, Eyes: 2, X: -13242, Y: 52, Z: -6115
Seed: -4960926763029483123, Starter X: -10684, Starter Z: -9452, Eyes: 2, X: -10698, Y: 56, Z: -9434
Seed: -4960926763029483123, Starter X: -7228, Starter Z: -11820, Eyes: 2, X: -7219, Y: 62, Z: -11850
Seed: -4960926763029483123, Starter X: -3420, Starter Z: -13596, Eyes: 2, X: -3385, Y: 64, Z: -13562
Seed: -4960926763029483123, Starter X: 15716, Starter Z: -8748, Eyes: 2, X: 15772, Y: 56, Z: -8747
Seed: -4960926763029483123, Starter X: 16564, Starter Z: -5020, Eyes: 2, X: 16586, Y: 62, Z: -5031
Seed: -4960926763029483123, Starter X: 17012, Starter Z: -1180, Eyes: 2, X: 17053, Y: 66, Z: -1203
Seed: -4960926763029483123, Starter X: 17556, Starter Z: 2916, Eyes: 2, X: 17590, Y: 68, Z: 2928
Seed: -4960926763029483123, Starter X: 16468, Starter Z: 6628, Eyes: 2, X: 16440, Y: 60, Z: 6647
Seed: -4960926763029483123, Starter X: 13940, Starter Z: 9764, Eyes: 2, X: 13970, Y: 64, Z: 9790
Seed: -4960926763029483123, Starter X: 11812, Starter Z: 13012, Eyes: 2, X: 11845, Y: 70, Z: 13016
Seed: -4960926763029483123, Starter X: 8836, Starter Z: 15620, Eyes: 2, X: 8808, Y: 70, Z: 15646
Seed: -4960926763029483123, Starter X: 5092, Starter Z: 17172, Eyes: 2, X: 5086, Y: 64, Z: 17145
Seed: -4960926763029483123, Starter X: 1236, Starter Z: 17460, Eyes: 2, X: 1256, Y: 60, Z: 17471
Seed: -4960926763029483123, Starter X: -2620, Starter Z: 16772, Eyes: 2, X: -2610, Y: 60, Z: 16783
Seed: -4960926763029483123, Starter X: -6476, Starter Z: 16004, Eyes: 2, X: -6475, Y: 60, Z: 16063
Seed: -4960926763029483123, Starter X: -10188, Starter Z: 14596, Eyes: 2, X: -10147, Y: 54, Z: 14559
Seed: -4960926763029483123, Starter X: -12860, Starter Z: 11828, Eyes: 2, X: -12819, Y: 60, Z: 11844
Seed: -4960926763029483123, Starter X: -15708, Starter Z: 8868, Eyes: 2, X: -15727, Y: 60, Z: 8879
Seed: -4960926763029483123, Starter X: -16700, Starter Z: 5012, Eyes: 2, X: -16691, Y: 66, Z: 5004
Seed: -4960926763029483123, Starter X: -17788, Starter Z: 1156, Eyes: 2, X: -17821, Y: 66, Z: 1177
Seed: -4960926763029483123, Starter X: -17132, Starter Z: -2652, Eyes: 2, X: -17136, Y: 66, Z: -2692
Seed: -4960926763029483123, Starter X: -16220, Starter Z: -6700, Eyes: 2, X: -16224, Y: 50, Z: -6745
Seed: -4960926763029483123, Starter X: -14588, Starter Z: -10060, Eyes: 2, X: -14559, Y: 68, Z: -10054
Seed: -4960926763029483123, Starter X: -11308, Starter Z: -12540, Eyes: 2, X: -11280, Y: 56, Z: -12524
Seed: -4960926763029483123, Starter X: -8572, Starter Z: -15228, Eyes: 2, X: -8553, Y: 68, Z: -